{
  "features": [
    "age",
    "trestbps",
    "chol",
    "thalch",
    "oldpeak",
    "ca",
    "sex_Male",
    "cp_atypical angina",
    "cp_non-anginal",
    "cp_typical angina",
    "fbs_True",
    "restecg_normal",
    "restecg_st-t abnormality",
    "exang_True",
    "slope_flat",
    "slope_upsloping",
    "thal_normal",
    "thal_reversable defect"
  ],
  "hrs_weights": {
    "age": 0.13982830187236012,
    "trestbps": 0.12050093697061898,
    "chol": 0.13346146457456004,
    "thalch": 0.1267994199554967,
    "oldpeak": 0.3537621015010047,
    "ca": 0.2986183624231183,
    "sex_Male": 0.22151876072411172,
    "cp_atypical angina": 0.19027923112452552,
    "cp_non-anginal": 0.1453787501494331,
    "cp_typical angina": 0.08758442606933028,
    "fbs_True": 0.04412573315397035,
    "restecg_normal": 0.03730992732000403,
    "restecg_st-t abnormality": 0.04367452661228716,
    "exang_True": 0.2662341431070617,
    "slope_flat": 0.2492335463437932,
    "slope_upsloping": 0.09368930438451728,
    "thal_normal": 0.12295119311335453,
    "thal_reversable defect": 0.16191259681603706
  },
  "scaler_min": {
    "age": 28.0,
    "trestbps": 0.0,
    "chol": 0.0,
    "thalch": 60.0,
    "oldpeak": -2.6,
    "ca": 0.0,
    "sex_Male": 0.0,
    "cp_atypical angina": 0.0,
    "cp_non-anginal": 0.0,
    "cp_typical angina": 0.0,
    "fbs_True": 0.0,
    "restecg_normal": 0.0,
    "restecg_st-t abnormality": 0.0,
    "exang_True": 0.0,
    "slope_flat": 0.0,
    "slope_upsloping": 0.0,
    "thal_normal": 0.0,
    "thal_reversable defect": 0.0
  },
  "scaler_max": {
    "age": 77.0,
    "trestbps": 200.0,
    "chol": 603.0,
    "thalch": 202.0,
    "oldpeak": 6.2,
    "ca": 3.0,
    "sex_Male": 1.0,
    "cp_atypical angina": 1.0,
    "cp_non-anginal": 1.0,
    "cp_typical angina": 1.0,
    "fbs_True": 1.0,
    "restecg_normal": 1.0,
    "restecg_st-t abnormality": 1.0,
    "exang_True": 1.0,
    "slope_flat": 1.0,
    "slope_upsloping": 1.0,
    "thal_normal": 1.0,
    "thal_reversable defect": 1.0
  },
  "thresholds": {
    "low": 0.87,
    "high": 1.18
  }
}